Book Id,Title,Author,Author l-f,Additional Authors,ISBN,ISBN13,My Rating,Average Rating,Publisher,Binding,Number of Pages,Year Published,Original Publication Year,Date Read,Date Added,Bookshelves,Bookshelves with positions,Exclusive Shelf,My Review,Spoiler,Private Notes,Read Count,Owned Copies
23995415,Black Earth: The Holocaust as History and Warning,Timothy Snyder,"Snyder, Timothy",,"=""1101903457""","=""9781101903452""",0,4.29,Tim Duggan Books,Hardcover,462,2015,2015,,2025/02/23,to-read,to-read (#272),to-read,,,,0,0
51152447,Caste: The Origins of Our Discontents,Isabel Wilkerson,"Wilkerson, Isabel",,"=""0593230256""","=""9780593230251""",0,4.53,Random House,Hardcover,544,2020,2020,,2025/02/23,to-read,to-read (#271),to-read,,,,0,0
52220887,"Blood and Ruins: The Great Imperial War, 1931-1945",Richard Overy,"Overy, Richard",,"=""""","=""""",0,4.31,Penguin,Kindle Edition,982,2021,2021,,2025/02/23,to-read,to-read (#270),to-read,,,,0,0
184356,History of the Russian Revolution,Leon Trotsky,"Trotsky, Leon","Max Eastman, Ahmed Shawki","=""1931859450""","=""9781931859455""",0,4.18,Haymarket Books,Paperback,1040,2008,1931,,2025/02/23,to-read,to-read (#269),to-read,,,,0,0
23113270,Germany: Memories of a Nation,Neil MacGregor,"MacGregor, Neil",,"=""1481506242""","=""9781481506243""",0,4.52,Blackstone Pub,Audio CD,0,2015,2014,,2025/02/23,to-read,to-read (#268),to-read,,,,0,0
116866,The Pity of War: Explaining World War I,Niall Ferguson,"Ferguson, Niall",,"=""0465057128""","=""9780465057122""",0,3.87,Basic Books,Paperback,624,2000,1998,,2025/02/23,to-read,to-read (#267),to-read,,,,0,0
22859446,The Longest Afternoon: The 400 Men Who Decided the Battle of Waterloo,Brendan Simms,"Simms, Brendan",,"=""0465064825""","=""9780465064823""",0,3.88,Basic Books,Hardcover,208,2015,2014,,2025/02/23,to-read,to-read (#266),to-read,,,,0,0
15843132,1913: In Search of the World Before the Great War,Charles Emmerson,"Emmerson, Charles",,"=""1610392566""","=""9781610392563""",0,3.87,PublicAffairs,Hardcover,544,2013,2013,,2025/02/23,to-read,to-read (#265),to-read,,,,0,0
58999265,"Resistance: The Underground War Against Hitler, 1939-1945",Halik Kochanski,"Kochanski, Halik",,"=""1324091657""","=""9781324091653""",0,4.08,Liveright,Hardcover,960,2022,2022,,2025/02/23,to-read,to-read (#264),to-read,,,,0,0
86342,Fiasco: The American Military Adventure in Iraq,Thomas E. Ricks,"Ricks, Thomas E.",,"=""159420103X""","=""9781594201035""",0,4.09,The Penguin Press,Hardcover,482,2006,2006,,2025/02/23,to-read,to-read (#263),to-read,,,,0,0
17349,The Demon-Haunted World: Science as a Candle in the Dark,Carl Sagan,"Sagan, Carl",Ann Druyan,"=""0345409469""","=""9780345409461""",0,4.29,Ballantine Books,Paperback,459,1997,1995,,2025/02/23,to-read,to-read (#262),to-read,,,,0,0
20821140,World Order,Henry Kissinger,"Kissinger, Henry",,"=""1594206147""","=""9781594206146""",0,4.05,Penguin Press,Hardcover,420,2014,2014,,2025/02/23,to-read,to-read (#261),to-read,,,,0,0
2358737,"Hot, Flat, and Crowded: Why We Need a Green Revolution – and How It Can Renew America",Thomas L. Friedman,"Friedman, Thomas L.",,"=""0374166854""","=""9780374166854""",0,3.71,"Farrar, Straus and Giroux",Hardcover,438,2008,2008,,2025/02/23,to-read,to-read (#260),to-read,,,,0,0
2279,Truman,David McCullough,"McCullough, David",,"=""0671869205""","=""9780671869205""",0,4.17,Simon  Schuster,Paperback,1120,1993,1992,,2025/02/23,to-read,to-read (#259),to-read,,,,0,0
40163119,Say Nothing: A True Story of Murder and Memory in Northern Ireland,Patrick Radden Keefe,"Keefe, Patrick Radden",,"=""0385521316""","=""9780385521314""",0,4.47,Doubleday,Hardcover,441,2019,2018,,2025/02/23,to-read,to-read (#258),to-read,,,,0,0
36204378,The Book of Why: The New Science of Cause and Effect,Judea Pearl,"Pearl, Judea",Dana Mackenzie,"=""046509760X""","=""9780465097609""",0,3.94,Basic Books,Hardcover,432,2018,2018,,2025/02/23,to-read,to-read (#257),to-read,,,,0,0
36634322,"""Surely You're Joking, Mr. Feynman!"": Adventures of a Curious Character",Richard P. Feynman,"Feynman, Richard P.","Ralph Leighton, Bill  Gates","=""""","=""""",5,4.27,W. W. Norton & Company,Kindle Edition,356,2018,1985,2021/07/01,2019/11/14,,,read,,,,1,0
41793,Hackers and Painters: Big Ideas from the Computer Age,Paul    Graham,"Graham, Paul",,"=""0596006624""","=""9780596006624""",5,4.05,O'Reilly Media,Hardcover,271,2004,2004,,2019/11/14,,,read,,,,1,0
222078,The Story of Art,E.H. Gombrich,"Gombrich, E.H.",,"=""071483355X""","=""9780714833552""",4,3.97,Phaidon Press LTD,Hardcover,688,1967,1950,2021/07/01,2020/04/22,,,read,,,,1,0
2218651,Neuroarthistory: From Aristotle and Pliny to Baxandall and Zeki,John Onians,"Onians, John",,"=""0300126778""","=""9780300126778""",3,3.76,Yale University Press,Hardcover,225,2008,2008,2022/12/17,2021/09/25,,,read,,,,1,0
28533807,历史学的境界,Gao  Hua,"Hua, Gao",,"=""""","=""""",4,4.48,广西师范大学出版社,Kindle Edition,279,2015,2015,,2021/10/02,,,read,,,,1,0
18871551,革命年代,Gao  Hua,"Hua, Gao",,"=""""","=""""",4,4.42,广东人民出版社,Kindle Edition,375,2010,2010,,2021/10/02,,,read,,,,1,0
27213168,I Contain Multitudes: The Microbes Within Us and a Grander View of Life,Ed Yong,"Yong, Ed",,"=""0062368591""","=""9780062368591""",0,4.18,Ecco,Hardcover,368,2016,2016,,2025/02/22,to-read,to-read (#256),to-read,,,,0,0
10669,When Genius Failed: The Rise and Fall of Long-Term Capital Management,Roger Lowenstein,"Lowenstein, Roger",,"=""0375758259""","=""9780375758256""",0,4.20,Random House Trade Paperbacks,Paperback,264,2001,2000,,2025/02/22,to-read,to-read (#255),to-read,,,,0,0
3877311,The Partnership: The Making of Goldman Sachs,Charles D. Ellis,"Ellis, Charles D.",,"=""1594201897""","=""9781594201899""",0,3.83,"Penguin Press HC, The",Hardcover,752,2008,2008,,2025/02/22,to-read,to-read (#254),to-read,,,,0,0
58009109,The Power Law: Venture Capital and the Making of the New Future,Sebastian Mallaby,"Mallaby, Sebastian",,"=""052555999X""","=""9780525559993""",0,4.43,Penguin Press,Hardcover,496,2022,2022,,2025/02/22,to-read,to-read (#253),to-read,,,,0,0
60044,Class: A Guide Through the American Status System,Paul Fussell,"Fussell, Paul",,"=""0671792253""","=""9780671792251""",0,3.89,Touchstone,Paperback,208,1992,1983,,2025/02/22,to-read,to-read (#252),to-read,,,,0,0
45894180,"Arguing with Zombies: Economics, Politics, and the Fight for a Better Future",Paul Krugman,"Krugman, Paul",,"=""1324005017""","=""9781324005018""",0,3.86,W. W. Norton & Company,Hardcover,464,2020,2020,,2025/02/22,to-read,to-read (#251),to-read,,,,0,0
35356384,How Democracies Die: What History Reveals About Our Future,Steven Levitsky,"Levitsky, Steven",Daniel Ziblatt,"=""1524762938""","=""9781524762933""",0,4.16,Crown,Hardcover,320,2018,2018,,2025/02/22,to-read,to-read (#250),to-read,,,,0,0
61382451,The Reluctant Carer: Dispatches from the Edge of Life,The Reluctant Carer,"Carer, The Reluctant",,"=""1529029368""","=""9781529029369""",0,3.94,Picador,Kindle Edition,320,2023,,,2025/02/22,to-read,to-read (#249),to-read,,,,0,0
129237,A Theory of Justice,John Rawls,"Rawls, John",,"=""0674017722""","=""9780674017726""",0,3.95,Belknap Press: An Imprint of Harvard University Press,Paperback,824,2005,1971,,2025/02/22,to-read,to-read (#248),to-read,,,,0,0
513367,In Search of Schrödinger's Cat: Quantum Physics and Reality,John Gribbin,"Gribbin, John",,"=""0553341030""","=""9780553342536""",0,4.06,Bantam,Paperback,320,1984,1984,,2025/02/22,to-read,to-read (#247),to-read,,,,0,0
26720949,The Death of Expertise: The Campaign Against Established Knowledge and Why It Matters,Thomas M. Nichols,"Nichols, Thomas M.",,"=""0190469412""","=""9780190469412""",0,3.82,"Oxford University Press, Inc.",Hardcover,272,2017,2017,,2025/02/22,to-read,to-read (#246),to-read,,,,0,0
9555687,"The Red Market: On the Trail of the World's Organ Brokers, Bone Thieves, Blood Farmers, and Child Traffickers",Scott Carney,"Carney, Scott",,"=""0061936464""","=""9780061936463""",0,3.83,William Morrow,Hardcover,272,2011,2011,,2025/02/22,to-read,to-read (#245),to-read,,,,0,0
56769525,We Don't Know Ourselves: A Personal History of Modern Ireland,Fintan O'Toole,"O'Toole, Fintan",,"=""1631496530""","=""9781631496530""",0,4.33,Liveright,Hardcover,616,2022,2021,,2025/02/22,to-read,to-read (#244),to-read,,,,0,0
61273798,"Generations: The Real Differences Between Gen Z, Millennials, Gen X, Boomers, and Silents―and What They Mean for America's Future",Jean M. Twenge,"Twenge, Jean M.",,"=""1982181613""","=""9781982181611""",0,4.03,Atria Books,Hardcover,560,2023,2023,,2025/02/22,to-read,to-read (#243),to-read,,,,0,0
10245602,Poor Economics: A Radical Rethinking of the Way to Fight Global Poverty,Abhijit V. Banerjee,"Banerjee, Abhijit V.",Esther Duflo,"=""1586487981""","=""9781586487980""",0,4.27,PublicAffairs,Hardcover,320,2011,2011,,2025/02/22,to-read,to-read (#242),to-read,,,,0,0
259265,Yeager: An Autobiography,Chuck Yeager,"Yeager, Chuck",,"=""0553256742""","=""9780553256741""",0,4.24,Bantam,Paperback,448,1986,1985,,2025/02/22,to-read,to-read (#241),to-read,,,,0,0
50489349,The Alignment Problem: Machine Learning and Human Values,Brian  Christian,"Christian, Brian",,"=""0393635821""","=""9780393635829""",0,4.34,W. W. Norton & Company,Hardcover,496,2020,2020,,2025/02/22,to-read,to-read (#240),to-read,,,,0,0
60176419,The Abyss: Nuclear Crisis Cuba 1962,Max Hastings,"Hastings, Max",,"=""0062980130""","=""9780062980137""",0,4.38,Harper ,Hardcover,538,2022,2022,,2025/02/22,to-read,to-read (#239),to-read,,,,0,0
4451,People of the Lie: The Hope for Healing Human Evil,M. Scott Peck,"Peck, M. Scott",,"=""0684848597""","=""9780684848594""",0,3.98,Touchstone,Paperback,272,1998,1983,,2025/02/22,to-read,to-read (#238),to-read,,,,0,0
13221379,What Money Can't Buy: The Moral Limits of Markets,Michael J. Sandel,"Sandel, Michael J.",,"=""0374203032""","=""9780374203030""",0,3.93,"Farrar, Straus and Giroux",Hardcover,256,2012,2012,,2025/02/22,to-read,to-read (#237),to-read,,,,0,0
35167682,A Colony in a Nation,Christopher L. Hayes,"Hayes, Christopher L.",,"=""039335542X""","=""9780393355420""",0,4.18,W. W. Norton & Company,Paperback,272,2018,2017,,2025/02/22,to-read,to-read (#236),to-read,,,,0,0
98233,Founders at Work: Stories of Startups' Early Days,Jessica Livingston,"Livingston, Jessica",,"=""1590597141""","=""9781590597149""",0,4.03,Apress,Hardcover,456,2007,2001,,2025/02/22,to-read,to-read (#235),to-read,,,,0,0
52804973,"Kill Shot: A Shadow Industry, a Deadly Disease",Jason Dearen,"Dearen, Jason",,"=""0593085787""","=""9780593085783""",0,4.40,Avery,Hardcover,272,2021,2021,,2025/02/22,to-read,to-read (#234),to-read,,,,0,0
30285063,"The Return: Fathers, Sons and the Land in Between",Hisham Matar,"Matar, Hisham",,"=""0812994833""","=""9780812994834""",0,4.16,Random House,Kindle Edition,238,2016,2016,,2025/02/22,to-read,to-read (#233),to-read,,,,0,0
22237143,KL: A History of the Nazi Concentration Camps,Nikolaus Wachsmann,"Wachsmann, Nikolaus",,"=""0374118256""","=""9780374118259""",0,4.55,"Farrar, Straus and Giroux (NYC)",Hardcover,865,2015,2015,,2025/02/22,to-read,to-read (#232),to-read,,,,0,0
249231,Inventing Money: The Story of Long-Term Capital Management and the Legends Behind It,Nicholas Dunbar,"Dunbar, Nicholas",,"=""0471498114""","=""9780471498117""",0,4.06,Wiley,Paperback,262,2001,1999,,2025/02/22,to-read,to-read (#231),to-read,,,,0,0
15811560,"After the Music Stopped: The Financial Crisis, the Response, and the Work Ahead",Alan S. Blinder,"Blinder, Alan S.",,"=""1594205302""","=""9781594205309""",0,4.12,Penguin Press,Hardcover,496,2013,2013,,2025/02/22,to-read,to-read (#230),to-read,,,,0,0
59575939,An Immense World: How Animal Senses Reveal the Hidden Realms Around Us,Ed Yong,"Yong, Ed",,"=""""","=""""",0,4.46,Random House,Hardcover,464,2022,2022,,2025/02/22,to-read,to-read (#229),to-read,,,,0,0
41812831,"The Hundred Years’ War on Palestine: A History of Settler-Colonial Conquest and Resistance, 1917–2017",Rashid Khalidi,"Khalidi, Rashid",,"=""1627798552""","=""9781627798556""",0,4.49,Metropolitan Books,Hardcover,319,2020,2020,,2025/02/22,to-read,to-read (#228),to-read,,,,0,0
61358585,Bottoms Up and the Devil Laughs: A Journey Through the Deep State,Kerry Howley,"Howley, Kerry",,"=""0525655492""","=""9780525655497""",0,3.79,Knopf,Hardcover,233,2023,2023,,2025/02/22,to-read,to-read (#227),to-read,,,,0,0
9897152,"Triumph of the City: How Our Greatest Invention Makes Us Richer, Smarter, Greener, Healthier and Happier",Edward L. Glaeser,"Glaeser, Edward L.",,"=""159420277X""","=""9781594202773""",0,3.92,Penguin Press,Hardcover,352,2011,2011,,2025/02/22,to-read,to-read (#226),to-read,,,,0,0
10454418,The Most Important Thing: Uncommon Sense for the Thoughtful Investor (Columbia Business School Publishing),Howard  Marks,"Marks, Howard",,"=""0231153686""","=""9780231153683""",0,4.33,Columbia Business School Publishing,Hardcover,200,2011,2011,,2025/02/22,to-read,to-read (#225),to-read,,,,0,0
896458,A Man on the Moon,Andrew Chaikin,"Chaikin, Andrew",Tom Hanks,"=""0140272011""","=""9780140272017""",0,4.49,Penguin Books,Paperback,688,1998,1994,,2025/02/22,to-read,to-read (#224),to-read,,,,0,0
18669169,The Sleepwalkers: How Europe Went to War in 1914,Christopher   Clark,"Clark, Christopher",,"=""""","=""""",0,4.23,Penguin,Kindle Edition,706,2012,2012,,2025/02/22,to-read,to-read (#223),to-read,,,,0,0
315578,Auschwitz: A Doctor's Eyewitness Account,Miklós Nyiszli,"Nyiszli, Miklós",Tibère Kremer,"=""1559702028""","=""9781559702027""",0,4.32,Arcade Publishing,Paperback,222,2007,1946,,2025/02/22,to-read,to-read (#222),to-read,,,,0,0
612456,Carrying the Fire: An Astronaut's Journey,Michael  Collins,"Collins, Michael",,"=""081541028X""","=""9780815410287""",0,4.49,Cooper Square Press,Paperback,478,2001,1974,,2025/02/22,to-read,to-read (#221),to-read,,,,0,0
44153387,"The Feather Thief: Beauty, Obsession, and the Natural History Heist of the Century",Kirk Wallace Johnson,"Johnson, Kirk Wallace",,"=""1101981636""","=""9781101981634""",0,4.01,Penguin Books,Paperback,336,2019,2018,,2025/02/22,to-read,to-read (#220),to-read,,,,0,0
629,"Zen and the Art of Motorcycle Maintenance: An Inquiry Into Values (Phaedrus, #1)",Robert M. Pirsig,"Pirsig, Robert M.",,"=""0060589469""","=""9780060589462""",0,3.78,HarperTorch,Mass Market Paperback,540,2006,1974,,2025/02/22,to-read,to-read (#219),to-read,,,,0,0
55710558,Cuba: An American History,Ada Ferrer,"Ferrer, Ada",,"=""1501154559""","=""9781501154553""",0,4.46,Scribner,Hardcover,560,2021,2021,,2025/02/22,to-read,to-read (#218),to-read,,,,0,0
1279705,"Von Braun: Dreamer of Space, Engineer of War",Michael J. Neufeld,"Neufeld, Michael J.",Fritz von Opel,"=""0307262928""","=""9780307262929""",0,4.00,Knopf,Hardcover,608,2007,2007,,2025/02/22,to-read,to-read (#217),to-read,,,,0,0
61966364,Fire Weather: A True Story from a Hotter World,John Vaillant,"Vaillant, John",,"=""1524732850""","=""9781524732851""",0,4.33,Knopf,Hardcover,432,2023,2023,,2025/02/22,to-read,to-read (#216),to-read,,,,0,0
127802094,Wartime by Milovan Djilas (1977-05-03),Milovan Đilas,"Đilas, Milovan",,"=""""","=""""",0,3.92,Harcourt Brace Jovanovich,Hardcover,0,,1977,,2025/02/22,to-read,to-read (#215),to-read,,,,0,0
26150770,"The Big Picture: On the Origins of Life, Meaning, and the Universe Itself",Sean Carroll,"Carroll, Sean",,"=""0525954821""","=""9780525954828""",0,4.18,Dutton,Hardcover,480,2016,2016,,2025/02/22,to-read,to-read (#214),to-read,,,,0,0
25733505,"A Man for All Markets: From Las Vegas to Wall Street, How I Beat the Dealer and the Market",Edward O. Thorp,"Thorp, Edward O.",Nassim Nicholas Taleb,"=""1400067960""","=""9781400067961""",0,4.24,Random House,Hardcover,416,2017,2016,,2025/02/22,to-read,to-read (#213),to-read,,,,0,0
17362,Black Holes & Time Warps: Einstein's Outrageous Legacy,Kip S. Thorne,"Thorne, Kip S.",Stephen Hawking,"=""0393312763""","=""9780393312768""",0,4.23,W. W. Norton & Company,Paperback,624,1995,1994,,2025/02/22,to-read,to-read (#212),to-read,,,,0,0
296662,Lies My Teacher Told Me: Everything Your American History Textbook Got Wrong,James W. Loewen,"Loewen, James W.",,"=""0684818868""","=""9780684818863""",0,3.97,"Touchstone Books/Simon & Schuster, Inc.",Paperback,383,1996,1995,,2025/02/22,to-read,to-read (#211),to-read,,,,0,0
303615,"General Theory of Employment, Interest, and Money (Great Minds)",John Maynard Keynes,"Keynes, John Maynard",,"=""1573921394""","=""9781573921398""",0,3.85,Prometheus,Paperback,423,1997,1935,,2025/02/22,to-read,to-read (#210),to-read,,,,0,0
23164946,The Surrender Experiment: My Journey into Life's Perfection,Michael A. Singer,"Singer, Michael A.",,"=""080414110X""","=""9780804141109""",0,4.08,Harmony/Rodale,Paperback,252,2015,2015,,2025/02/22,to-read,to-read (#209),to-read,,,,0,0
2095,The Universe in a Nutshell,Stephen Hawking,"Hawking, Stephen",,"=""055380202X""","=""9780553802023""",0,4.19,Bantam,Hardcover,216,2001,2001,,2025/02/22,to-read,to-read (#208),to-read,,,,0,0
1134117,Mathematician's Delight,W.W. Sawyer,"Sawyer, W.W.",,"=""0140130349""","=""9780140130348""",0,4.01,Penguin Books,Paperback,240,1991,1943,,2025/02/22,to-read,to-read (#207),to-read,,,,0,0
281821,Mathematics for the Nonmathematician,Morris Kline,"Kline, Morris",,"=""0486248232""","=""9780486248233""",0,4.10,Dover Books,Paperback,641,1985,1967,,2025/02/22,to-read,to-read (#206),to-read,,,,0,0
6739077,Decoding Reality: The Universe as Quantum Information,Vlatko Vedral,"Vedral, Vlatko",,"=""0199237697""","=""9780199237692""",0,3.74,Oxford University Press,Hardcover,240,2010,2010,,2025/02/22,to-read,to-read (#205),to-read,,,,0,0
36442813,The Order of Time,Carlo Rovelli,"Rovelli, Carlo",,"=""073521610X""","=""9780735216105""",0,4.13,Riverhead Books,Hardcover,224,2018,2017,,2025/02/22,to-read,to-read (#204),to-read,,,,0,0
17160008,"Feral: Rewilding the Land, the Sea and Human Life",George Monbiot,"Monbiot, George",,"=""0670067172""","=""9780670067176""",0,4.16,Allen Lane,Hardcover,256,2013,2013,,2025/02/22,to-read,to-read (#203),to-read,,,,0,0
690867,"I Walk in Dread: The Diary of Deliverance Trembley, Witness to the Salem Witch Trials, Massachusetts Bay Colony, 1691 (Dear America)",Lisa Rowe Fraustino,"Fraustino, Lisa Rowe",,"=""0439249732""","=""9780439249737""",0,3.89,Scholastic Inc.,Hardcover,203,2004,2004,,2025/02/22,to-read,to-read (#202),to-read,,,,0,0
24819449,"The Witches: Salem, 1692",Stacy Schiff,"Schiff, Stacy",,"=""0316200603""","=""9780316200608""",0,3.25,"Little, Brown and Company",Hardcover,498,2015,2015,,2025/02/22,to-read,to-read (#201),to-read,,,,0,0
10074367,Out of the Frame: The Struggle for Academic Freedom in Israel: The Struggle for Academic Freedom in Israel,Ilan Pappé,"Pappé, Ilan",,"=""0745327257""","=""9780745327259""",0,4.21,Pluto Press,Paperback,256,2010,2010,,2025/02/22,to-read,to-read (#200),to-read,,,,0,0
16690,The Moon Is a Harsh Mistress,Robert A. Heinlein,"Heinlein, Robert A.",,"=""0340837942""","=""9780340837948""",0,4.15,Hodder & Stoughton,Paperback,288,2005,1966,,2025/02/22,to-read,to-read (#199),to-read,,,,0,0
721038,The Whisperers: Private Life in Stalin's Russia,Orlando Figes,"Figes, Orlando",,"=""0805074619""","=""9780805074611""",0,4.25,Metropolitan Books,Hardcover,739,2007,2007,,2025/02/22,to-read,to-read (#198),to-read,,,,0,0
60657747,A Gracious Enemy & After the War Volume One,Michael G. Kramer,"Kramer, Michael G.",,"=""""","=""""",0,4.28,Michael G. Kamer OMIE Aust.,ebook,470,2022,2022,,2025/02/22,to-read,to-read (#197),to-read,,,,0,0
41880092,The Undocumented Americans,Karla Cornejo Villavicencio,"Villavicencio, Karla Cornejo",,"=""0399592687""","=""9780399592683""",0,4.37,One World,Hardcover,208,2020,2020,,2025/02/22,to-read,to-read (#196),to-read,,,,0,0
54785515,Four Thousand Weeks: Time Management for Mortals,Oliver Burkeman,"Burkeman, Oliver",,"=""0374159122""","=""9780374159122""",0,4.18,"Farrar, Straus and Giroux",Hardcover,245,2021,2021,,2025/02/22,to-read,to-read (#195),to-read,,,,0,0
44919,Working Effectively with Legacy Code,Michael C. Feathers,"Feathers, Michael C.",,"=""0131177052""","=""9780131177055""",0,4.14,Pearson,Paperback,464,2004,2004,,2025/02/22,to-read,to-read (#194),to-read,,,,0,0
31450638,A Rumor of War: The Classic Vietnam Memoir,Philip Caputo,"Caputo, Philip",,"=""1250117127""","=""9781250117120""",0,4.17,Picador,Paperback,384,2017,1977,,2025/02/22,to-read,to-read (#193),to-read,,,,0,0
40396413,American Overdose: The Opioid Tragedy in Three Acts,Chris McGreal,"McGreal, Chris",,"=""1541773772""","=""9781541773776""",0,4.14,PublicAffairs,Kindle Edition,336,2018,2018,,2025/02/22,to-read,to-read (#192),to-read,,,,0,0
417640,A Bright Shining Lie: John Paul Vann and America in Vietnam,Neil Sheehan,"Sheehan, Neil",,"=""0679724141""","=""9780679724148""",0,4.24,Vintage,Paperback,896,1989,1988,,2025/02/22,to-read,to-read (#191),to-read,,,,0,0
7144,Crime and Punishment,Fyodor Dostoevsky,"Dostoevsky, Fyodor","David McDuff, Joseph Frank","=""""","=""""",0,4.28,Penguin,Paperback,671,2002,1866,,2025/02/22,to-read,to-read (#190),to-read,,,,0,0
9114549,The Wealth of Nations,Adam Smith,"Smith, Adam",Tom Butler-Bowdon,"=""0857080776""","=""9780857080776""",0,3.92,Capstone,Hardcover,416,2010,,,2025/02/22,to-read,to-read (#189),to-read,,,,0,0
141499,Failure is Not an Option: Mission Control From Mercury to Apollo 13 and Beyond,Gene Kranz,"Kranz, Gene",,"=""0425179877""","=""9780425179871""",0,4.30,Berkley Trade,Paperback,416,2001,2000,,2025/02/22,to-read,to-read (#188),to-read,,,,0,0
82256,The Sovereign Individual: Mastering the Transition to the Information Age,James Dale Davidson,"Davidson, James Dale",William Rees-Mogg,"=""0684832720""","=""9780684832722""",0,4.18,Touchstone,Paperback,448,1999,1997,,2025/02/22,to-read,to-read (#187),to-read,,,,0,0
9717,The Unbearable Lightness of Being,Milan Kundera,"Kundera, Milan",Michael Henry Heim,"=""0571224385""","=""9780571224388""",0,4.11,Harper Perennial,Paperback,314,2009,1984,,2025/02/22,to-read,to-read (#186),to-read,,,,0,0
37486540,"Dopesick: Dealers, Doctors, and the Drug Company that Addicted America",Beth Macy,"Macy, Beth",,"=""0316523178""","=""9780316523172""",0,4.07,"Little, Brown and Company",Hardcover,384,2018,2018,,2025/02/22,to-read,to-read (#185),to-read,,,,0,0
9945237,The Triple Agent: The al-Qaeda Mole who Infiltrated the CIA,Joby Warrick,"Warrick, Joby",,"=""0385534183""","=""9780385534185""",0,4.11,Doubleday,Hardcover,272,2011,2011,,2025/02/22,to-read,to-read (#184),to-read,,,,0,0
28514478,Who Rules the World? (American Empire Project),Noam Chomsky,"Chomsky, Noam",,"=""162779381X""","=""9781627793810""",0,4.05,Metropolitan Books/Henry Holt & Co. (NYC),Hardcover,320,2016,2014,,2025/02/22,to-read,to-read (#183),to-read,,,,0,0
55227,Failed States: The Abuse of Power and the Assault on Democracy,Noam Chomsky,"Chomsky, Noam",,"=""0805082840""","=""9780805082845""",0,3.98,Holt Paperbacks,Paperback,320,2007,2006,,2025/02/22,to-read,to-read (#182),to-read,,,,0,0
62659,Profit Over People: Neoliberalism and Global Order,Noam Chomsky,"Chomsky, Noam",Robert W. McChesney,"=""1888363827""","=""9781888363821""",0,4.03,Seven Stories Press,Paperback,175,1999,1998,,2025/02/22,to-read,to-read (#181),to-read,,,,0,0
12615,Media Control: The Spectacular Achievements of Propaganda,Noam Chomsky,"Chomsky, Noam",,"=""1583225366""","=""9781583225363""",0,4.02,Seven Stories Press,Paperback,103,2002,1995,,2025/02/22,to-read,to-read (#180),to-read,,,,0,0
12612,Hegemony or Survival: America's Quest for Global Dominance,Noam Chomsky,"Chomsky, Noam",,"=""0805076883""","=""9780805076882""",0,3.97,Holt Paperbacks,Paperback,304,2004,2003,,2025/02/22,to-read,to-read (#179),to-read,,,,0,0
23129811,On Palestine,Noam Chomsky,"Chomsky, Noam","Ilan Pappé, Frank Barat","=""1608464709""","=""9781608464708""",0,4.27,Haymarket Books,Paperback,220,2015,2015,,2025/02/22,to-read,to-read (#178),to-read,,,,0,0
167457,Sweetness and Power: The Place of Sugar in Modern History,Sidney W. Mintz,"Mintz, Sidney W.",,"=""0140092331""","=""9780140092332""",0,3.78,Penguin Books,Paperback,304,1986,1985,,2025/02/22,to-read,to-read (#177),to-read,,,,0,0
20821092,Napoleon: A Life,Andrew Roberts,"Roberts, Andrew",,"=""0670025321""","=""9780670025329""",0,4.24,Viking Pr,Paperback,976,2014,2014,,2025/02/22,to-read,to-read (#176),to-read,,,,0,0
2161966,The Black Hole War: My Battle with Stephen Hawking to Make the World Safe for Quantum Mechanics,Leonard Susskind,"Susskind, Leonard",,"=""0316016403""","=""9780316016407""",0,4.13,"Little, Brown and Company",Hardcover,480,2008,2008,,2025/02/22,to-read,to-read (#175),to-read,,,,0,0
11140803,American Nations: A History of the Eleven Rival Regional Cultures of North America,Colin Woodard,"Woodard, Colin",,"=""0670022969""","=""9780670022960""",0,4.19,Viking,Hardcover,371,2011,2011,,2025/02/22,to-read,to-read (#174),to-read,,,,0,0
42422452,The Privileged Poor: How Elite Colleges Are Failing Disadvantaged Students,Anthony Abraham Jack,"Jack, Anthony Abraham",,"=""0674976894""","=""9780674976894""",0,4.25,Harvard University Press,Hardcover,288,2019,2019,,2025/02/22,to-read,to-read (#173),to-read,,,,0,0
18693910,Barbarian Days: A Surfing Life,William Finnegan,"Finnegan, William",,"=""1594203474""","=""9781594203473""",0,4.27,Penguin Press,Hardcover,447,2015,2015,,2025/02/22,to-read,to-read (#172),to-read,,,,0,0
6181,If This Is a Man • The Truce,Primo Levi,"Levi, Primo","Stuart J. Woolf, Paul Bailey","=""0349100136""","=""9780349100135""",0,4.54,Abacus,Paperback,398,1987,1987,,2025/02/22,to-read,to-read (#171),to-read,,,,0,0
25776132,The Brain: The Story of You,David Eagleman,"Eagleman, David",,"=""1101870532""","=""9781101870532""",0,4.26,Pantheon,Hardcover,224,2015,2015,,2025/02/22,to-read,to-read (#170),to-read,,,,0,0
766235,Mathematics in Western Culture,Morris Kline,"Kline, Morris",,"=""019500714X""","=""9780195007145""",0,4.00,Oxford University Press,Paperback,512,1964,1953,,2025/02/22,to-read,to-read (#169),to-read,,,,0,0
34448182,Rethinking the Economics of Land and Housing,Josh Ryan-Collins,"Ryan-Collins, Josh","Toby Lloyd, Laurie Macfarlane, John Muellbauer","=""1786991195""","=""9781786991195""",0,4.29,Zed Books,Hardcover,280,2017,2017,,2025/02/22,to-read,to-read (#168),to-read,,,,0,0
18736925,Capital in the Twenty First Century,Thomas Piketty,"Piketty, Thomas",Arthur Goldhammer,"=""067443000X""","=""9780674430006""",0,4.06,Belknap Press: An Imprint of Harvard University Press,Hardcover,685,2014,2013,,2025/02/22,to-read,to-read (#167),to-read,,,,0,0
24947510,The Essential Keynes,John Maynard Keynes,"Keynes, John Maynard",Robert Skidelsky,"=""1846148138""","=""9781846148132""",0,4.02,Penguin Classics,Paperback,576,2016,2016,,2025/02/22,to-read,to-read (#166),to-read,,,,0,0
34275230,Bernie Sanders Guide to Political Revolution,Bernie Sanders,"Sanders, Bernie",,"=""1250138906""","=""9781250138903""",0,3.98,Henry Holt and Co. (BYR),Hardcover,226,2017,2017,,2025/02/22,to-read,to-read (#165),to-read,,,,0,0
63092727,Social Justice Fallacies,Thomas Sowell,"Sowell, Thomas",,"=""1541603923""","=""9781541603929""",0,4.41,Basic Books,Hardcover,224,2023,2023,,2025/02/22,to-read,to-read (#164),to-read,,,,0,0
34145295,Bringing Columbia Home: The Untold Story of a Lost Space Shuttle and Her Crew,Michael D. Leinbach,"Leinbach, Michael D.",Jonathan H. Ward,"=""1628728515""","=""9781628728514""",0,4.22,Arcade,Hardcover,356,2018,2018,,2025/02/22,to-read,to-read (#163),to-read,,,,0,0
16685439,The Price of Inequality: How Today's Divided Society Endangers Our Future,Joseph E. Stiglitz,"Stiglitz, Joseph E.",,"=""0393345068""","=""9780393345063""",0,4.02,W. W. Norton & Company,Paperback,523,2013,2012,,2025/02/22,to-read,to-read (#162),to-read,,,,0,0
8884400,The Most Human Human: What Talking with Computers Teaches Us About What It Means to Be Alive,Brian  Christian,"Christian, Brian",,"=""0385533063""","=""9780385533065""",0,3.94,Knopf Doubleday Publishing Group,Hardcover,303,2011,2011,,2025/02/22,to-read,to-read (#161),to-read,,,,0,0
953773,The Revolution Betrayed,Leon Trotsky,"Trotsky, Leon",Max Eastman,"=""0486433986""","=""9780486433981""",0,4.08,Dover Publications,Paperback,240,2004,1937,,2025/02/22,to-read,to-read (#160),to-read,,,,0,0
338798,Ulysses,James Joyce,"Joyce, James","John M. Woolsey, Morris L. Ernst","=""""","=""""",0,3.77,Vintage,Paperback,783,1990,1922,,2025/02/22,to-read,to-read (#159),to-read,,,,0,0
63697,The Man Who Mistook His Wife for a Hat and Other Clinical Tales,Oliver Sacks,"Sacks, Oliver",,"=""""","=""""",0,4.05,Touchstone,Paperback,243,1998,1985,,2025/02/22,to-read,to-read (#158),to-read,,,,0,0
673485,Introduction to Logic,Irving M. Copi,"Copi, Irving M.",,"=""0131898345""","=""9780131898349""",0,4.06,"Pearson Education, Inc.",Paperback,683,2005,1953,,2025/02/22,to-read,to-read (#157),to-read,,,,0,0
28936153,Burma '44,James  Holland,"Holland, James",,"=""0552172030""","=""9780552172035""",0,4.22,Corgi,Paperback,413,1703,2016,,2025/02/22,to-read,to-read (#156),to-read,,,,0,0
39027385,Big Week: The Biggest Air Battle of World War II,James  Holland,"Holland, James",,"=""0802128394""","=""9780802128393""",0,4.31,Atlantic Monthly Press,Hardcover,400,2018,2018,,2025/02/22,to-read,to-read (#155),to-read,,,,0,0
7363283,"The Battle of Britain: Five Months That Changed History, May-October 1940",James  Holland,"Holland, James",,"=""0593059131""","=""9780593059135""",0,4.34,Transworld Publishers Ltd.,Hardcover,704,2010,2010,,2025/02/22,to-read,to-read (#154),to-read,,,,0,0
52580372,Sicily '43: The First Assault on Fortress Europe,James  Holland,"Holland, James",,"=""0802157181""","=""9780802157188""",0,4.32,Atlantic Monthly Press,Hardcover,592,2020,2020,,2025/02/22,to-read,to-read (#153),to-read,,,,0,0
123983381,The Savage Storm: The Battle for Italy 1943,James  Holland,"Holland, James",,"=""080216160X""","=""9780802161604""",0,4.33,Atlantic Monthly Press,Hardcover,568,2023,2023,,2025/02/22,to-read,to-read (#152),to-read,,,,0,0
24886641,"The Rise of Germany, 1939-1941 (The War in the West)",James  Holland,"Holland, James",,"=""080212397X""","=""9780802123978""",0,4.38,Atlantic Monthly Press,Hardcover,692,2015,2014,,2025/02/22,to-read,to-read (#151),to-read,,,,0,0
42360846,Normandy '44: D-Day and the Epic 77-Day Battle for France,James  Holland,"Holland, James",,"=""0802129420""","=""9780802129420""",0,4.45,Atlantic Monthly Press,Hardcover,650,2019,2019,,2025/02/22,to-read,to-read (#150),to-read,,,,0,0
46125971,Chernobyl: History of a Tragedy,Serhii Plokhy,"Plokhy, Serhii",,"=""""","=""""",0,4.23,Penguin,Kindle Edition,352,2018,2018,,2025/02/22,to-read,to-read (#149),to-read,,,,0,0
20527133,"Superintelligence: Paths, Dangers, Strategies",Nick Bostrom,"Bostrom, Nick",,"=""0199678111""","=""9780199678112""",0,3.85,Oxford University Press,Hardcover,352,2014,2014,,2025/02/19,to-read,to-read (#148),to-read,,,,0,0
113206,Lenin's Tomb: The Last Days of the Soviet Empire,David Remnick,"Remnick, David",,"=""0679751254""","=""9780679751250""",0,4.26,Vintage,Paperback,588,1994,1994,,2025/01/22,to-read,to-read (#147),to-read,,,,0,0
58974256,I'll Take Your Questions Now: What I Saw at the Trump White House,Stephanie Grisham,"Grisham, Stephanie",,"=""0063142953""","=""9780063142954""",0,3.50,Harper,Kindle Edition,352,2021,,,2021/10/03,to-read,to-read (#85),to-read,,,,0,0
4477,Complications: A Surgeon's Notes on an Imperfect Science,Atul Gawande,"Gawande, Atul",,"=""0312421702""","=""9780312421700""",0,4.28,Metropolitan Books,Paperback,270,2003,2002,,2024/08/30,to-read,to-read (#146),to-read,,,,0,0
647492,Ordinary Men: Reserve Police Battalion 101 and the Final Solution in Poland,Christopher R. Browning,"Browning, Christopher R.",,"=""0060995068""","=""9780060995065""",0,4.11,Harper Perennial,Paperback,271,1998,1992,,2024/08/30,to-read,to-read (#145),to-read,,,,0,0
45836732,三樓書記室的暗號：最貼近平壤權力中心，前北韓駐英公使太永浩的證詞,Thae Yong-ho,"Yong-ho, Thae","太永浩, 태영호","=""9864776304""","=""9789864776306""",4,4.33,商周出版,Paperback,512,2019,2018,,2024/08/14,,,read,,,,0,0
157095669,Hidden Potential: The Science of Achieving Greater Things,Adam M. Grant,"Grant, Adam M.",,"=""0593653149""","=""9780593653142""",0,4.10,Viking,Hardcover,304,2023,2023,,2024/08/03,to-read,to-read (#144),to-read,,,,0,0
61358638,"Poverty, by America",Matthew Desmond,"Desmond, Matthew",,"=""0593239911""","=""9780593239919""",0,4.27,Crown,Hardcover,284,2023,2023,,2024/08/03,to-read,to-read (#143),to-read,,,,0,0
60784614,Cobalt Red: How the Blood of the Congo Powers Our Lives,Siddharth Kara,"Kara, Siddharth",,"=""1250284309""","=""9781250284303""",0,4.36,St. Martin's Press,Hardcover,288,2023,2023,,2024/08/03,to-read,to-read (#142),to-read,,,,0,0
46037714,Call Sign Chaos: Learning to Lead,Jim Mattis,"Mattis, Jim",Bing West,"=""0812996836""","=""9780812996838""",4,4.30,Random House,Hardcover,320,2019,2019,2024/07/15,2021/11/02,,,read,,,,1,0
699670,Ethnic America: A History,Thomas Sowell,"Sowell, Thomas",,"=""0465020755""","=""9780465020751""",5,4.35,Basic Books,Paperback,353,1981,1975,,2024/05/18,,,read,,,,1,0
45692429,"The Ratline: Love, Lies, and Justice on the Trail of a Nazi Fugitive",Philippe Sands,"Sands, Philippe",,"=""1474608124""","=""9781474608121""",0,4.18,W&N,Hardcover,411,2020,2020,,2024/05/01,to-read,to-read (#141),to-read,,,,0,0
61898069,The Soviet Century: Archaeology of a Lost World,Karl Schlögel,"Schlögel, Karl",Rodney Livingstone,"=""0691183740""","=""9780691183749""",0,4.20,Princeton University Press,Hardcover,928,2023,2014,,2024/05/01,to-read,to-read (#140),to-read,,,,0,0
57615568,Collapse: The Fall of the Soviet Union,Vladislav M. Zubok,"Zubok, Vladislav M.",,"=""0300257309""","=""9780300257304""",0,4.26,Yale University Press,Hardcover,576,2021,2021,,2024/05/01,to-read,to-read (#139),to-read,,,,0,0
3023,Basic Economics: A Citizen's Guide to the Economy,Thomas Sowell,"Sowell, Thomas",,"=""0465081452""","=""9780465081455""",0,4.37,Basic Books,Hardcover,448,2003,2000,,2024/04/02,currently-reading,currently-reading (#2),currently-reading,,,,1,0
61535,The Selfish Gene,Richard Dawkins,"Dawkins, Richard",,"=""0199291152""","=""9780199291151""",4,4.16,Oxford University Press,Paperback,360,2006,1976,2024/04/02,2021/09/16,,,read,,,,1,0
40961621,"King Leopold's Ghost: A Story of Greed, Terror, and Heroism in Colonial Africa",Adam Hochschild,"Hochschild, Adam",,"=""""","=""""",0,4.19,Mariner Books,ebook,442,1999,1998,,2024/03/12,to-read,to-read (#138),to-read,,,,0,0
526190,The Complete Yes Prime Minister: The Diaries of the Right Hon. James Hacker,Jonathan Lynn,"Lynn, Jonathan",Antony Jay,"=""0563207736""","=""9780563207733""",0,4.61,Bbc Pubns,Paperback,488,1989,1989,,2024/03/12,to-read,to-read (#137),to-read,,,,0,0
526170,The Complete Yes Minister,Jonathan Lynn,"Lynn, Jonathan",Antony Jay,"=""0563206659""","=""9780563206651""",0,4.54,BBC Books,Paperback,528,1988,1981,,2024/03/12,to-read,to-read (#136),to-read,,,,0,0
1972,Den of Thieves,James B. Stewart,"Stewart, James B.",,"=""067179227X""","=""9780671792275""",0,4.16,Touchstone,Paperback,587,1992,1991,,2024/01/10,to-read,to-read (#135),to-read,,,,0,0
32284263,"Black Edge: Inside Information, Dirty Money, and the Quest to Bring Down the Most Wanted Man on Wall Street",Sheelah Kolhatkar,"Kolhatkar, Sheelah",,"=""0812995805""","=""9780812995800""",0,4.20,Random House,Hardcover,295,2017,2017,,2024/01/10,to-read,to-read (#134),to-read,,,,0,0
59366154,"Freezing Order: A True Story of Money Laundering, Murder, and Surviving Vladimir Putin's Wrath",Bill Browder,"Browder, Bill",,"=""1982153288""","=""9781982153281""",0,4.34,Simon & Schuster,Hardcover,336,2022,2022,,2024/01/10,to-read,to-read (#133),to-read,,,,0,0
61423989,"A Fever in the Heartland: The Ku Klux Klan's Plot to Take Over America, and the Woman Who Stopped Them",Timothy Egan,"Egan, Timothy",,"=""0735225265""","=""9780735225268""",0,4.36,Viking,Hardcover,432,2023,2023,,2024/01/10,to-read,to-read (#132),to-read,,,,0,0
32936662,Ancient Chinese(Revised Second Edition)-Volume I (Chinese Edition) 古代汉语(校订重排本1),王力,"王力, 王力",,"=""""","=""9787101000825""",5,4.56,Zhonghua Book Company,Paperback,392,2011,,,2024/01/07,,,read,,,,0,0
6452731,Justice: What's the Right Thing to Do?,Michael J. Sandel,"Sandel, Michael J.",,"=""0374180652""","=""9780374180652""",4,4.30,"Farrar, Straus and Giroux",Hardcover,308,2009,2007,,2024/01/07,,,read,,,,1,0
6493208,The Immortal Life of Henrietta Lacks,Rebecca Skloot,"Skloot, Rebecca",,"=""1400052173""","=""9781400052172""",5,4.13,Crown Publishing Group,Hardcover,370,2010,2010,,2020/05/29,,,read,,,,1,0
4373,First They Killed My Father: A Daughter of Cambodia Remembers,Loung Ung,"Ung, Loung",,"=""0060856262""","=""9780060856267""",0,4.35,Harper Perennial,Paperback,238,2006,2000,,2023/11/21,to-read,to-read (#131),to-read,,,,0,0
44075878,"The Hidden History of Burma: Race, Capitalism, and the Crisis of Democracy in the 21st Century",Thant Myint-U,"Myint-U, Thant",,"=""1324003294""","=""9781324003298""",0,4.13,W. W. Norton & Company,Hardcover,304,2019,2019,,2023/11/20,to-read,to-read (#130),to-read,,,,0,0
53054943,The Jakarta Method: Washington's Anticommunist Crusade and the Mass Murder Program that Shaped Our World,Vincent Bevins,"Bevins, Vincent",,"=""1541742400""","=""9781541742406""",0,4.61,PublicAffairs,Hardcover,320,2020,2020,,2023/11/19,to-read,to-read (#129),to-read,,,,0,0
61420116,"There Will Be Fire: Margaret Thatcher, the IRA, and Two Minutes That Changed History",Rory Carroll,"Carroll, Rory",,"=""0593419499""","=""9780593419496""",0,4.38,G.P. Putnam's Sons,Hardcover,397,2023,2023,,2023/11/19,to-read,to-read (#128),to-read,,,,0,0
7865083,Liar's Poker,Michael   Lewis,"Lewis, Michael",,"=""039333869X""","=""9780393338690""",0,4.15,W. W. Norton & Company,Paperback,310,2010,1989,,2023/11/08,to-read,to-read (#127),to-read,,,,0,0
20821221,"Stalin: Paradoxes of Power, 1878-1928",Stephen Kotkin,"Kotkin, Stephen",,"=""1594203792""","=""9781594203794""",0,4.00,Penguin Press,Hardcover,976,2014,,,2023/07/17,currently-reading,currently-reading (#1),currently-reading,,,,1,0
28116754,The Vanquished: Why the First World War Failed to End,Robert Gerwarth,"Gerwarth, Robert",,"=""0374282455""","=""9780374282455""",0,4.17,"Farrar, Straus and Giroux",Hardcover,446,2016,2016,,2023/09/11,to-read,to-read (#126),to-read,,,,0,0
50364458,The Tyranny of Merit: What's Become of the Common Good?,Michael J. Sandel,"Sandel, Michael J.",,"=""0241407605""","=""9780241407608""",0,4.19,Allen Lane,Paperback,272,2020,2020,,2023/09/11,to-read,to-read (#125),to-read,,,,0,0
17139513,The Unwinding: An Inner History of the New America,George Packer,"Packer, George",,"=""1466836954""","=""9781466836952""",0,4.13,"Farrar, Straus and Giroux",ebook,448,2013,2013,,2023/09/09,to-read,to-read (#124),to-read,,,,0,0
44767248,Human Compatible: Artificial Intelligence and the Problem of Control,Stuart Russell,"Russell, Stuart",,"=""0525558616""","=""9780525558613""",4,4.05,Viking,Hardcover,352,2019,2019,,2023/08/23,,,read,,,,1,0
39001,"Power, Sex, Suicide: Mitochondria and the Meaning of Life",Nick Lane,"Lane, Nick",,"=""0199205647""","=""9780199205646""",0,4.25,Oxford University Press,Paperback,354,2006,2005,,2023/08/19,to-read,to-read (#123),to-read,,,,0,0
900892,A Random Walk Down Wall Street,Burton G. Malkiel,"Malkiel, Burton G.",,"=""0393325350""","=""9780393325355""",0,4.14,W. W. Norton & Company,Paperback,464,2003,1973,,2023/08/19,to-read,to-read (#122),to-read,,,,0,0
2714607,The Ascent of Money: A Financial History of the World,Niall Ferguson,"Ferguson, Niall",,"=""1594201927""","=""9781594201929""",0,3.90,Penguin Press,Hardcover,442,2008,2007,,2023/08/19,to-read,to-read (#121),to-read,,,,0,0
6667514,The Checklist Manifesto: How to Get Things Right,Atul Gawande,"Gawande, Atul",,"=""0805091742""","=""9780805091748""",0,4.04,Metropolitan Books,Hardcover,208,2009,2009,,2023/08/19,to-read,to-read (#120),to-read,,,,0,0
43868109,Empire of Pain: The Secret History of the Sackler Dynasty,Patrick Radden Keefe,"Keefe, Patrick Radden",,"=""0385545681""","=""9780385545686""",0,4.54,Doubleday,Hardcover,535,2021,2021,,2023/08/19,to-read,to-read (#119),to-read,,,,0,0
457264,The Second Sex,Simone de Beauvoir,"Beauvoir, Simone de","H.M. Parshley, Deirdre Bair","=""0679724516""","=""9780679724513""",0,4.18,Vintage,Paperback,746,1989,1949,,2023/08/19,to-read,to-read (#118),to-read,,,,0,0
8520362,The Grand Design,Stephen Hawking,"Hawking, Stephen",Leonard Mlodinow,"=""0553805371""","=""9780553805376""",0,4.06,Bantam,Hardcover,199,2010,2010,,2023/08/19,to-read,to-read (#117),to-read,,,,0,0
34890015,Factfulness: Ten Reasons We're Wrong About the World – and Why Things Are Better Than You Think,Hans Rosling,"Rosling, Hans","Ola Rosling, Anna Rosling Rönnlund","=""1473637465""","=""9781473637467""",3,4.36,Sceptre,Hardcover,342,2018,2018,,2023/08/19,,,read,,,,1,0
31138556,Homo Deus: A History of Tomorrow,Yuval Noah Harari,"Harari, Yuval Noah",,"=""""","=""""",0,4.19,Harper,ebook,450,2017,2015,,2023/08/19,to-read,to-read (#116),to-read,,,,0,0
29036,The Great Influenza: The Story of the Deadliest Pandemic in History,John M. Barry,"Barry, John M.",,"=""0143036491""","=""9780143036494""",0,3.98,Penguin Books,Paperback,546,2005,2004,,2023/08/19,to-read,to-read (#115),to-read,,,,0,0
74034,Amusing Ourselves to Death: Public Discourse in the Age of Show Business,Neil Postman,"Postman, Neil",Andrew Postman,"=""014303653X""","=""9780143036531""",5,4.16,Penguin Books,Paperback,184,2005,1985,,2023/08/19,,,read,,,,1,0
15195,The Complete Maus,Art Spiegelman,"Spiegelman, Art",,"=""0141014083""","=""9780141014081""",0,4.58,Penguin Books,Paperback,296,2003,1980,,2023/08/19,to-read,to-read (#114),to-read,,,,0,0
42389,"Band of Brothers: E Company, 506th Regiment, 101st Airborne from Normandy to Hitler's Eagle's Nest",Stephen E. Ambrose,"Ambrose, Stephen E.",,"=""0743464117""","=""9780743464116""",0,4.44,Simon & Schuster; Media Tie-In edition,Paperback,432,2002,1992,,2023/08/19,to-read,to-read (#113),to-read,,,,0,0
55403,Black Hawk Down: A Story of Modern War,Mark Bowden,"Bowden, Mark",,"=""0871137380""","=""9780871137388""",0,4.30,Atlantic Monthly Press,Hardcover,386,1999,1999,,2023/08/19,to-read,to-read (#112),to-read,,,,0,0
11468377,"Thinking, Fast and Slow",Daniel Kahneman,"Kahneman, Daniel",,"=""0374275637""","=""9780374275631""",5,4.17,"Farrar, Straus and Giroux",Hardcover,499,2011,2011,,2019/11/14,,,read,,,,1,0
95784,The Rape of Nanking: The Forgotten Holocaust of World War II,Iris Chang,"Chang, Iris",,"=""0140277447""","=""9780140277449""",0,4.25,Penguin Books,Paperback,290,1998,1997,,2023/08/19,to-read,to-read (#111),to-read,,,,0,0
33514,The Elements of Style,William Strunk Jr.,"Jr., William Strunk",E.B. White,"=""""","=""""",5,4.18,Allyn & Bacon,Hardcover,105,1999,1918,,2023/08/19,,,read,,,,1,0
40604846,Nothing to Envy: Ordinary Lives in North Korea,Barbara Demick,"Demick, Barbara",,"=""""","=""""",4,4.45,Spiegel & Grau,Kindle Edition,338,2009,2009,,2019/11/14,,,read,,,,1,0
2715,Salt: A World History,Mark Kurlansky,"Kurlansky, Mark",,"=""0142001619""","=""9780142001615""",0,3.75,Penguin Books,Paperback,484,2003,2002,,2023/08/19,to-read,to-read (#110),to-read,,,,0,0
3869,A Brief History of Time,Stephen Hawking,"Hawking, Stephen",,"=""0553380168""","=""9780553380163""",5,4.21,Bantam Books,Paperback,226,1998,1988,,2023/08/19,,,read,,,,1,0
80571,American Prometheus: The Triumph and Tragedy of J. Robert Oppenheimer,Kai Bird,"Bird, Kai",Martin J. Sherwin,"=""""","=""""",5,4.31,Vintage Books,Paperback,721,2007,2005,2023/05/22,2020/08/18,to-read,to-read (#109),to-read,,,,1,0
31932761,Hitler: Ascent 1889-1939,Volker Ullrich,"Ullrich, Volker",Don Hagen,"=""1469065541""","=""9781469065540""",0,4.43,Your Coach Digital,Audiobook,1008,2016,2013,,2022/12/17,to-read,to-read (#108),to-read,,,,0,0
42972023,"The Anarchy: The East India Company, Corporate Violence, and the Pillage of an Empire",William Dalrymple,"Dalrymple, William",,"=""1635573955""","=""9781635573954""",4,4.20,Bloomsbury Publishing,Hardcover,544,2019,2019,2023/08/19,2020/08/18,,,read,,,,1,0
34466958,Bullshit Jobs: A Theory,David Graeber,"Graeber, David",,"=""150114331X""","=""9781501143311""",4,4.03,Simon & Schuster,Hardcover,335,2018,2018,,2023/08/19,,,read,,,,1,0
25852784,Evicted: Poverty and Profit in the American City,Matthew Desmond,"Desmond, Matthew",,"=""0553447432""","=""9780553447439""",5,4.47,Crown Publishers,Hardcover,418,2016,2016,,2019/11/14,,,read,,,,1,0
11677682,The Road to Serfdom,Friedrich A. Hayek,"Hayek, Friedrich A.",Bruce Caldwell,"=""""","=""""",0,4.15,,Kindle Edition,296,,1944,,2023/07/21,to-read,to-read (#107),to-read,,,,0,0
58986604,"The Rise and Reign of the Mammals: A New History, from the Shadow of the Dinosaurs to Us",Steve Brusatte,"Brusatte, Steve",,"=""0062951513""","=""9780062951519""",0,4.37,Mariner Books,Hardcover,528,2022,2022,,2023/07/20,to-read,to-read (#106),to-read,,,,0,0
271540,The Last Man on the Moon: Astronaut Eugene Cernan and America's Race in Space,Eugene Cernan,"Cernan, Eugene",Donald A. Davis,"=""0312263511""","=""9780312263515""",0,4.29,St. Martin's Griffin,Paperback,384,2000,1999,,2023/07/14,to-read,to-read (#105),to-read,,,,0,0
55577658,Across the Airless Wilds: The Lunar Rover and the Triumph of the Final Moon Landings,Earl Swift,"Swift, Earl",,"=""0062986538""","=""9780062986535""",0,4.20,Mariner Books,Hardcover,384,2021,2021,,2023/07/14,to-read,to-read (#104),to-read,,,,0,0
677285,Ignition!: An informal history of liquid rocket propellants,John Drury Clark,"Clark, John Drury",,"=""0813507251""","=""9780813507255""",0,4.12,Rutgers University Press,Hardcover,214,1972,1972,,2023/07/14,to-read,to-read (#103),to-read,,,,0,0
25814175,Into the Black: The Extraordinary Untold Story of the First Flight of the Space Shuttle Columbia and the Astronauts Who Flew Her,Rowland White,"White, Rowland",Richard Truly,"=""1501123629""","=""9781501123627""",0,4.30,Atria Books,Hardcover,480,2016,2015,,2023/07/14,to-read,to-read (#102),to-read,,,,0,0
16884,The Making of the Atomic Bomb,Richard Rhodes,"Rhodes, Richard",,"=""0684813785""","=""9780684813783""",0,4.40,Simon & Schuster,Paperback,886,1995,1986,,2023/07/14,to-read,to-read (#101),to-read,,,,0,0
50695164,Surviving Autocracy,Masha Gessen,"Gessen, Masha",,"=""0593188934""","=""9780593188934""",3,4.15,Riverhead Books,Hardcover,288,2020,2020,,2020/06/20,,,read,,,,1,0
90400419,Space Rogue: How the Hackers Known As L0pht Changed the World,Cris   Thomas,"Thomas, Cris",,"=""""","=""9798987032428""",0,4.09,Cris Thomas,Kindle Edition,364,2023,,,2023/06/28,to-read,to-read (#100),to-read,,,,0,0
49247043,This Is How They Tell Me the World Ends: The Cyberweapons Arms Race,Nicole Perlroth,"Perlroth, Nicole",,"=""1635576059""","=""9781635576054""",0,4.32,Bloomsbury Publishing,Hardcover,528,2021,2021,,2023/06/28,to-read,to-read (#99),to-read,,,,0,0
586472,The Right Stuff,Tom Wolfe,"Wolfe, Tom",,"=""0553381350""","=""9780553381351""",4,4.23,Bantam,Paperback,352,2001,1979,,2019/12/11,,,read,,,,1,0
53730362,Ideas That Created the Future: Classic Papers of Computer Science,Harry R. Lewis,"Lewis, Harry R.",,"=""0262045303""","=""9780262045308""",4,4.27,The MIT Press,Paperback,520,2021,,,2023/05/22,,,read,,,,1,0
35510008,This is Going to Hurt: Secret Diaries of a Junior Doctor,Adam Kay,"Kay, Adam",,"=""""","=""""",4,4.40,Picador,ebook,285,2017,2017,,2023/05/22,,,read,,,,1,0
10569,On Writing: A Memoir of the Craft,Stephen        King,"King, Stephen",,"=""0743455967""","=""9780743455961""",5,4.34,Pocket Books,Mass Market Paperback,320,2002,2000,,2019/11/14,,,read,,,,1,0
5786795,晚年周恩來,Gao Wenqian,"Wenqian, Gao",高文谦,"=""1932138072""","=""9781932138078""",5,4.00,明鏡出版社有限公司,Tankobon Softcover,624,2003,2007,,2023/03/04,,,read,,,,2,0
39684561,春秋左传注,杨伯峻,"杨伯峻, 杨伯峻",,"=""7101070744""","=""9787101070743""",5,4.64,中华书局,Paperback,1736,2009,,,2022/12/21,,,read,,,,1,0
39996759,A Philosophy of Software Design,John Ousterhout,"Ousterhout, John",,"=""1732102201""","=""9781732102200""",0,4.22,Yaknyam Press,Paperback,190,2018,2018,,2022/09/28,to-read,to-read (#98),to-read,,,,0,0
18176747,The Hard Thing About Hard Things: Building a Business When There Are No Easy Answers―Straight Talk on the Challenges of Entrepreneurship,Ben Horowitz,"Horowitz, Ben",,"=""0062273205""","=""9780062273208""",5,4.21,Harper Business,Hardcover,304,2014,2014,,2019/11/14,,,read,,,,1,0
53011383,UNIX: A History and a Memoir,Brian W. Kernighan,"Kernighan, Brian W.",,"=""1695978552""","=""9781695978553""",0,4.41,Independently Published,Paperback,183,2019,2019,,2022/06/03,,,read,,,,1,0
43851501,How To: Absurd Scientific Advice for Common Real-World Problems,Randall Munroe,"Munroe, Randall",,"=""0525537104""","=""9780525537106""",0,4.17,Riverhead Books,Kindle Edition,320,2019,2019,,2020/09/09,to-read,to-read (#74),to-read,,,,0,0
6572270,Bloodlands: Europe Between Hitler and Stalin,Timothy Snyder,"Snyder, Timothy",,"=""0465002390""","=""9780465002399""",0,4.39,Basic Books,Hardcover,524,2010,2010,,2022/04/14,to-read,to-read (#97),to-read,,,,0,0
54815264,Stalin's War: A New History of World War II,Sean McMeekin,"McMeekin, Sean",,"=""1541672798""","=""9781541672796""",0,4.29,Basic Books,Hardcover,768,2021,2021,,2022/04/14,to-read,to-read (#96),to-read,,,,0,0
13531848,Iron Curtain: The Crushing of Eastern Europe 1944-1956,Anne Applebaum,"Applebaum, Anne",,"=""0385515693""","=""9780385515696""",0,4.08,"Doubleday & Company, Inc.",Hardcover,566,2012,2012,,2022/04/14,to-read,to-read (#95),to-read,,,,0,0
3741342,Hitler,Ian Kershaw,"Kershaw, Ian",,"=""0393067572""","=""9780393067576""",0,4.36,W. W. Norton & Company,Hardcover,1072,2008,1998,,2022/04/14,to-read,to-read (#94),to-read,,,,0,0
33864676,Red Famine: Stalin's War on Ukraine,Anne Applebaum,"Applebaum, Anne",,"=""0771009305""","=""9780771009303""",0,4.39,Signal,Hardcover,496,2017,2017,,2022/04/14,to-read,to-read (#93),to-read,,,,0,0
58284097,The Emergency: A Year of Healing and Heartbreak in a Chicago ER,Thomas         Fisher,"Fisher, Thomas",,"=""0593230671""","=""9780593230671""",0,3.90,One World,Hardcover,272,2022,2022,,2022/04/06,to-read,to-read (#92),to-read,,,,0,0
29055636,红太阳是怎样升起的：延安整风运动的来龙去脉,Gao  Hua,"Hua, Gao",高华,"=""9881756324""","=""9789881756329""",5,4.81,中文大学出版社,Paperback,722,2011,2000,,2022/03/23,,,read,,,,1,0
41017722,Stalling for Time: My Life as an FBI Hostage Negotiator,Gary Noesner,"Noesner, Gary",,"=""""","=""""",0,3.93,Random House,Kindle Edition,372,2010,2010,,2021/10/31,to-read,to-read (#91),to-read,,,,0,0
41795733,Range: Why Generalists Triumph in a Specialized World,David   Epstein,"Epstein, David",,"=""0735214484""","=""9780735214484""",3,4.13,Riverhead Books,Hardcover,339,2019,2019,2021/10/21,2021/10/11,,,read,,,,1,0
18050143,"Zero to One: Notes on Startups, or How to Build the Future",Peter Thiel,"Thiel, Peter",Blake  Masters,"=""0804139296""","=""9780804139298""",4,4.15,Crown Currency,Hardcover,195,2014,2014,,2019/11/14,,,read,,,,1,0
8714,An Inconvenient Truth: The Planetary Emergency of Global Warming and What We Can Do About It,Al Gore,"Gore, Al",,"=""1594865671""","=""9781594865671""",0,3.78,Rodale Books,Paperback,320,2006,2006,,2021/10/11,to-read,to-read (#90),to-read,,,,0,0
104287,The Assault on Reason,Al Gore,"Gore, Al",Will Patton,"=""1594201226""","=""9781594201226""",0,3.78,Penguin,Hardcover,273,2008,,,2021/10/11,to-read,to-read (#89),to-read,,,,0,0
1067,1776,David McCullough,"McCullough, David",,"=""0743226720""","=""9780743226721""",0,4.10,Simon  Schuster,Paperback,386,2006,2005,,2021/10/11,to-read,to-read (#88),to-read,,,,0,0
22400713,Ring Of Deceit: Inside the Biggest Sports and Banking Scandal in History,Bruce   Henderson,"Henderson, Bruce",Dean Allison,"=""098946752X""","=""9780989467520""",0,4.22,Bruce Henderson Books,Kindle Edition,382,2014,1985,,2021/10/04,to-read,to-read (#87),to-read,,,,0,0
52275335,How to Avoid a Climate Disaster: The Solutions We Have and the Breakthroughs We Need,Bill  Gates,"Gates, Bill",,"=""0241448301""","=""9780241448304""",0,4.12,Allen Lane,Hardcover,272,2021,2021,,2021/10/04,to-read,to-read (#86),to-read,,,,0,0
45892276,You're Not Listening: What You're Missing and Why It Matters,Kate   Murphy,"Murphy, Kate",,"=""1250297192""","=""9781250297198""",0,4.08,Celadon Books,Hardcover,278,2020,2020,,2021/10/02,to-read,to-read (#84),to-read,,,,0,0
4099,The Pragmatic Programmer: From Journeyman to Master,Andy   Hunt,"Hunt, Andy","Dave         Thomas, Ward Cunningham","=""020161622X""","=""9780201616224""",5,4.33,Addison-Wesley Professional,Paperback,321,1999,1999,,2014/07/26,,,read,,,,1,0
52084,Programming Pearls,Jon L. Bentley,"Bentley, Jon L.",,"=""0201657880""","=""9780201657883""",4,4.20,Addison-Wesley Professional,Paperback,239,1999,1986,,2014/07/26,,,read,,,,1,0
101438,Skunk Works: A Personal Memoir of My Years at Lockheed,Ben R. Rich,"Rich, Ben R.",Leo Janos,"=""""","=""""",5,4.46,"Back Bay Books/Little, Brown & Co. (NY)",Paperback,382,1996,1994,,2021/07/01,,,read,,,,1,0
91359,The Devil's Highway: A True Story,Luis Alberto Urrea,"Urrea, Luis Alberto",,"=""0316010804""","=""9780316010801""",0,4.11,Back Bay Books,Paperback,239,2004,2004,,2021/10/02,to-read,to-read (#83),to-read,,,,0,0
16889,Dark Sun: The Making of the Hydrogen Bomb,Richard Rhodes,"Rhodes, Richard",,"=""0684824140""","=""9780684824147""",0,4.19,Simon & Schuster,Paperback,736,1996,1995,,2021/10/01,to-read,to-read (#82),to-read,,,,0,0
6623920,The Dead Hand: The Untold Story of the Cold War Arms Race and its Dangerous Legacy,David E. Hoffman,"Hoffman, David E.",,"=""0385524374""","=""9780385524377""",0,4.15,Doubleday,Hardcover,592,2009,2009,,2021/10/01,to-read,to-read (#81),to-read,,,,0,0
38820046,21 Lessons for the 21st Century,Yuval Noah Harari,"Harari, Yuval Noah",,"=""0525512179""","=""9780525512172""",0,4.16,Random House,Hardcover,372,2018,2018,,2021/09/16,to-read,to-read (#80),to-read,,,,0,0
55447811,Billion Dollar Loser: The Epic Rise and Spectacular Fall of Adam Neumann and WeWork,Reeves  Wiedeman,"Wiedeman, Reeves",,"=""0316461342""","=""9780316461344""",4,4.09,"Little, Brown and Company",Kindle Edition,353,2020,2020,2021/03/10,2021/03/10,,,read,,,,1,0
54614037,The God Equation: The Quest for a Theory of Everything,Michio Kaku,"Kaku, Michio",,"=""0385542747""","=""9780385542746""",3,4.11,Doubleday,Hardcover,225,2021,2021,,2021/09/15,,,read,"If you have zero knowledge about the history of physics, read this one. If not, don't.",,,1,0
31193480,Memoirs of Chairman Mao and His Comrades 回忆主席与战友,Wu Lengxi,"Lengxi, Wu",,"=""7010152454""","=""9787010152455""",4,4.00,People's Publishing House 人民出版社,Paperback,297,2016,,,2021/09/15,,,read,,,,1,0
38315,Fooled by Randomness: The Hidden Role of Chance in Life and in the Markets (Incerto),Nassim Nicholas Taleb,"Taleb, Nassim Nicholas",,"=""0812975219""","=""9780812975215""",4,4.08,Random House Trade Paperbacks,Paperback,368,2005,2001,,2021/07/01,,,read,Remind me the benchmark crimes in all them papers I've read.,,,2,0
51014619,Good Economics for Hard Times: Better Answers to Our Biggest Problems,Abhijit V. Banerjee,"Banerjee, Abhijit V.",Esther Duflo,"=""""","=""""",0,4.22,PublicAffairs,ebook,417,2019,2019,,2021/07/01,to-read,to-read (#79),to-read,,,,0,0
46722,The Coming Plague: Newly Emerging Diseases in a World Out of Balance,Laurie Garrett,"Garrett, Laurie",,"=""0140250913""","=""9780140250916""",0,4.21,Penguin (Non-Classics),Paperback,750,1995,1994,,2021/07/01,to-read,to-read (#78),to-read,,,,0,0
224379,Gulag: A History,Anne Applebaum,"Applebaum, Anne",,"=""0767900561""","=""9780767900560""",0,4.28,Doubleday,Hardcover,677,2003,2003,,2021/07/01,to-read,to-read (#77),to-read,,,,0,0
16213,The Hot Zone: The Terrifying True Story of the Origins of the Ebola Virus,Richard   Preston,"Preston, Richard",,"=""0385495226""","=""9780385495226""",5,4.16,Anchor Books,Paperback,352,1999,1994,2021/05/20,2021/04/24,,,read,,,,1,0
6687247,Too Big to Fail: The Inside Story of How Wall Street and Washington Fought to Save the Financial System from Crisis — and Themselves,Andrew Ross Sorkin,"Sorkin, Andrew Ross",,"=""0670021253""","=""9780670021253""",0,4.16,Viking,Hardcover,600,2009,2009,2021/07/01,2019/11/22,,,read,,,,1,0
17573681,Spillover: Animal Infections and the Next Human Pandemic,David Quammen,"Quammen, David",,"=""0393346617""","=""9780393346619""",0,4.42,W. W. Norton & Company,Paperback,592,2013,2012,,2021/05/20,to-read,to-read (#76),to-read,,,,0,0
1817421,China Syndrome: The True Story of the 21st Century's First Great Epidemic,Karl Taro Greenfeld,"Greenfeld, Karl Taro",,"=""0060587229""","=""9780060587222""",0,4.30,Harper,Hardcover,442,2006,2006,,2021/05/20,to-read,to-read (#75),to-read,,,,0,0
26889576,The Big Short: Inside the Doomsday Machine,Michael   Lewis,"Lewis, Michael",,"=""039335315X""","=""9780393353150""",5,4.30,W. W. Norton & Company,Paperback,291,2015,2010,,2020/04/22,,,read,,,,1,0
5759,Fight Club,Chuck Palahniuk,"Palahniuk, Chuck",,"=""0393327345""","=""9780393327342""",3,4.18,W.W. Norton & Company (NYC),Paperback,218,2005,1996,,2013/10/10,,,read,,,,1,0
10865206,"The Willpower Instinct: How Self-Control Works, Why It Matters, and What You Can Do to Get More of It",Kelly McGonigal,"McGonigal, Kelly",,"=""1583334386""","=""9781583334386""",4,4.13,Avery,Hardcover,275,2011,2011,2019/11/14,2014/07/21,,,read,,,,1,0
28257707,The Subtle Art of Not Giving a F*ck: A Counterintuitive Approach to Living a Good Life,Mark Manson,"Manson, Mark",,"=""""","=""9798804636129""",3,3.87,Harper,Paperback,212,2016,2016,2020/04/22,2019/12/15,,,read,,,,1,0
23692271,Sapiens: A Brief History of Humankind,Yuval Noah Harari,"Harari, Yuval Noah",,"=""""","=""""",5,4.34,Vintage,Paperback,512,2015,2011,2020/04/22,2019/11/14,,,read,,,,1,0
40180025,Army of None: Autonomous Weapons and the Future of War,Paul Scharre,"Scharre, Paul",,"=""0393356582""","=""9780393356588""",4,3.80,W. W. Norton & Company,Paperback,448,2019,2018,2020/09/08,2019/11/14,,,read,,,,1,0
1842,"Guns, Germs, and Steel: The Fates of Human Societies",Jared Diamond,"Diamond, Jared",,"=""0739467352""","=""9780739467350""",5,4.04,W.W. Norton & Company,Paperback,498,2005,1997,2020/09/08,2019/11/14,,,read,,,,1,0
44767265,"Blowout: Corrupted Democracy, Rogue State Russia, and the Richest, Most Destructive Industry on Earth",Rachel Maddow,"Maddow, Rachel",,"=""0525575472""","=""9780525575474""",0,4.34,Crown,Hardcover,406,2019,2019,,2019/11/14,to-read,to-read (#35),to-read,,,,0,0
38726160,The Spy and the Traitor: The Greatest Espionage Story of the Cold War,Ben Macintyre,"Macintyre, Ben",,"=""""","=""""",5,4.52,Crown,ebook,384,2018,2018,2021/04/13,2021/04/13,,,read,,,,1,0
18753824,鄧小平改變中國 Deng xiao ping gai bian zhong guo (CUHK Series),Ezra F. Vogel,"Vogel, Ezra F.",,"=""""","=""""",5,4.46,Info Rainbow LTD,Kindle Edition,891,2012,2011,2021/04/11,2021/01/05,,,read,,,,1,0
12158480,"Why Nations Fail: The Origins of Power, Prosperity, and Poverty",Daron Acemoğlu,"Acemoğlu, Daron",James A. Robinson,"=""0307719219""","=""9780307719218""",0,4.09,Crown Currency,Hardcover,529,2012,2012,,2020/08/18,to-read,to-read (#73),to-read,,,,0,0
38155,"A People's Tragedy: The Russian Revolution, 1891 - 1924",Orlando Figes,"Figes, Orlando",,"=""014024364X""","=""9780140243642""",0,4.37,Penguin Books,Paperback,923,1998,1996,,2020/08/18,to-read,to-read (#72),to-read,,,,0,0
17290683,Love and Math: The Heart of Hidden Reality,Edward Frenkel,"Frenkel, Edward",,"=""0465050743""","=""9780465050741""",0,3.70,Basic Books,Hardcover,292,2013,2013,,2020/08/18,to-read,to-read (#71),to-read,,,,0,0
1354758,Kelly: More Than My Share of It All,Clarence L. Johnson,"Johnson, Clarence L.",Maggie Smith,"=""0874744911""","=""9780874744910""",0,4.25,Smithsonian Books,Paperback,224,1989,1985,,2020/08/18,to-read,to-read (#70),to-read,,,,0,0
503534,Way of the Turtle: The Secret Methods That Turned Ordinary People Into Legendary Traders,Curtis Faith,"Faith, Curtis",,"=""007148664X""","=""9780071486644""",0,3.83,McGraw-Hill,Hardcover,288,2007,2007,,2020/08/18,to-read,to-read (#69),to-read,,,,0,0
474735,The Case of the Speluncean Explorers: Nine New Opinions,Peter Suber,"Suber, Peter",,"=""0415185467""","=""9780415185462""",0,4.28,Routledge,Paperback,128,1998,1998,,2020/08/18,to-read,to-read (#68),to-read,,,,0,0
166566,The Opium of the Intellectuals,Raymond Aron,"Aron, Raymond","Adina Dinițoiu, Howard  Mansfield, Robert McCutcheon","=""0765807009""","=""9780765807007""",0,4.00,Routledge,Paperback,382,2001,1955,,2020/08/18,to-read,to-read (#67),to-read,,,,0,0
203968,The Social Animal,Elliot Aronson,"Aronson, Elliot",,"=""071675715X""","=""9780716757153""",0,4.31,Worth Publishers,Paperback,512,2003,1972,,2020/08/18,to-read,to-read (#66),to-read,,,,0,0
30753738,The Choice: Embrace the Possible,Edith Eger,"Eger, Edith",,"=""1501130781""","=""9781501130786""",0,4.57,Scribner,Hardcover,289,2017,2017,,2020/08/18,to-read,to-read (#65),to-read,,,,0,0
27220736,Shoe Dog: A Memoir by the Creator of Nike,Phil Knight,"Knight, Phil",,"=""1501135910""","=""9781501135910""",0,4.46,Scribner,Hardcover,400,2016,2016,,2020/08/18,to-read,to-read (#64),to-read,,,,0,0
19481773,The Critique of Practical Reason,Immanuel Kant,"Kant, Immanuel",,"=""""","=""""",0,3.94,Start Publishing LLC,Kindle Edition,138,2013,1788,,2020/08/18,to-read,to-read (#63),to-read,,,,0,0
6452798,"Command and Control: Nuclear Weapons, the Damascus Accident, and the Illusion of Safety",Eric Schlosser,"Schlosser, Eric",,"=""1594202273""","=""9781594202278""",0,4.27,Penguin Books,Hardcover,656,2013,2013,,2020/08/18,to-read,to-read (#62),to-read,,,,0,0
34051011,Pachinko,Min Jin Lee,"Lee, Min Jin",,"=""""","=""""",0,4.34,Grand Central Publishing,Kindle Edition,496,2017,2017,,2020/08/18,to-read,to-read (#61),to-read,,,,0,0
40779082,The Guns of August,Barbara W. Tuchman,"Tuchman, Barbara W.",,"=""""","=""""",0,4.18,Random House,Kindle Edition,710,2009,1962,,2020/08/18,to-read,to-read (#60),to-read,,,,0,0
16241458,River of Dark Dreams: Slavery and Empire in the Cotton Kingdom,Walter Johnson,"Johnson, Walter",,"=""0674045556""","=""9780674045552""",0,4.17,Belknap Press,Hardcover,560,2013,2013,,2020/06/06,to-read,to-read (#59),to-read,,,,0,0
1617,Night,Elie Wiesel,"Wiesel, Elie","Marion Wiesel, François Mauriac","=""0374500010""","=""9780374500016""",0,4.38,Hill & Wang,Paperback,120,2006,1956,,2020/05/29,to-read,to-read (#58),to-read,,,,0,0
8520610,Quiet: The Power of Introverts in a World That Can't Stop Talking,Susan Cain,"Cain, Susan",,"=""0307352145""","=""9780307352149""",0,4.08,"Crown Publishing Group/Random House, Inc.",Hardcover,333,2012,2012,,2020/05/29,to-read,to-read (#57),to-read,,,,0,0
5907,"The Hobbit, or There and Back Again",J.R.R. Tolkien,"Tolkien, J.R.R.","Douglas A. Anderson, Michael Hague, Jemima Catlin","=""""","=""""",0,4.30,Houghton Mifflin,Paperback,366,2002,1937,,2020/05/29,to-read,to-read (#56),to-read,,,,0,0
25666050,Algorithms to Live By: The Computer Science of Human Decisions,Brian  Christian,"Christian, Brian",Tom  Griffiths,"=""1627790365""","=""9781627790369""",0,4.13,Henry Holt and Co.,Hardcover,368,2016,2016,,2020/05/28,to-read,to-read (#55),to-read,,,,0,0
25159062,Narconomics: How to Run a Drug Cartel,Tom Wainwright,"Wainwright, Tom",,"=""1610395832""","=""9781610395830""",4,4.14,PublicAffairs,Hardcover,288,2016,2016,2020/05/18,2020/04/22,,,read,,,,1,0
15751404,"David and Goliath: Underdogs, Misfits, and the Art of Battling Giants",Malcolm Gladwell,"Gladwell, Malcolm",,"=""0316204366""","=""9780316204361""",4,3.97,"Little, Brown and Company",Hardcover,305,2013,2013,2020/04/22,2016/06/05,,,read,,,,1,0
1202,Freakonomics: A Rogue Economist Explores the Hidden Side of Everything,Steven D. Levitt,"Levitt, Steven D.",Stephen J. Dubner,"=""0061234001""","=""9780061234002""",4,4.01,William Morrow,Hardcover,268,2006,2005,2020/04/22,2019/11/14,,,read,,,,1,0
40929,"The Rise of Theodore Roosevelt (Theodore Roosevelt, #1)",Edmund  Morris,"Morris, Edmund",,"=""""","=""""",0,4.22,The Modern Library,Paperback,816,2001,1979,,2020/02/19,to-read,to-read (#54),to-read,,,,0,0
113576,The Smartest Guys in the Room: The Amazing Rise and Scandalous Fall of Enron,Bethany McLean,"McLean, Bethany",Peter Elkind,"=""1591840538""","=""9781591840534""",0,4.22,Portfolio Trade,Paperback,440,2004,2003,,2020/01/03,to-read,to-read (#53),to-read,,,,0,0
18956,Homicide: A Year on the Killing Streets,David Simon,"Simon, David",,"=""0805080759""","=""9780805080759""",0,4.36,Picador,Paperback,646,2006,1991,,2019/12/11,to-read,to-read (#52),to-read,,,,0,0
1301,Moneyball,Michael   Lewis,"Lewis, Michael",,"=""0393324818""","=""9780393324815""",0,4.27,W. W. Norton & Company,Paperback,317,2004,2003,,2019/12/11,to-read,to-read (#51),to-read,,,,0,0
242472,The Black Swan: The Impact of the Highly Improbable,Nassim Nicholas Taleb,"Taleb, Nassim Nicholas",,"=""1400063515""","=""9781400063512""",0,3.96,Random House ,Hardcover,480,2007,2007,,2019/12/11,to-read,to-read (#50),to-read,,,,0,0
96123,All the President’s Men,Carl Bernstein,"Bernstein, Carl",Bob Woodward,"=""1416522913""","=""9781416522911""",0,4.18,Pocket Books,Mass Market Paperback,480,2005,1974,,2019/12/11,to-read,to-read (#49),to-read,,,,0,0
11472,We Wish to Inform You That Tomorrow We Will Be Killed with Our Families,Philip Gourevitch,"Gourevitch, Philip",,"=""0312243359""","=""9780312243357""",0,4.22,Picador,Paperback,356,1998,1998,,2019/12/11,to-read,to-read (#48),to-read,,,,0,0
1237300,The Shock Doctrine: The Rise of Disaster Capitalism,Naomi Klein,"Klein, Naomi",,"=""0805079831""","=""9780805079838""",0,4.29,Metropolitan Books,Hardcover,558,2007,2007,,2019/12/11,to-read,to-read (#47),to-read,,,,0,0
14743,The God Delusion,Richard Dawkins,"Dawkins, Richard",,"=""0618680004""","=""9780618680009""",0,3.90,Houghton Mifflin Co.,Hardcover,374,2006,2006,,2019/12/11,to-read,to-read (#46),to-read,,,,0,0
43848929,Talking to Strangers: What We Should Know About the People We Don't Know,Malcolm Gladwell,"Gladwell, Malcolm",,"=""0316478520""","=""9780316478526""",4,4.00,"Little, Brown and Company",Hardcover,388,2019,2019,,2019/12/07,,,read,,,,1,0
18342,It,Stephen        King,"King, Stephen",,"=""0451169514""","=""9780451169518""",5,4.24,Signet,Mass Market Paperback,1090,2002,1986,2019/11/14,2013/10/10,,,read,,,,1,0
20696006,Being Mortal: Medicine and What Matters in the End,Atul Gawande,"Gawande, Atul",,"=""0805095152""","=""9780805095159""",5,4.49,Metropolitan Books,Hardcover,282,2014,2014,2019/11/14,2016/03/05,,,read,,,,1,0
43785830,Will My Cat Eat My Eyeballs? Big Questions from Tiny Mortals About Death,Caitlin Doughty,"Doughty, Caitlin",Dianné Ruz,"=""039365270X""","=""9780393652703""",0,4.13,W. W. Norton & Company,Hardcover,200,2019,2019,,2019/11/14,to-read,to-read (#45),to-read,,,,0,0
36589701,The Perfect Predator: A Scientist's Race to Save Her Husband from a Deadly Superbug: A Memoir,Steffanie Strathdee,"Strathdee, Steffanie",Thomas Patterson,"=""""","=""""",0,4.38,Hachette Book Group,Hardcover,309,2019,2019,,2019/11/14,to-read,to-read (#44),to-read,,,,0,0
39999461,Never Enough: The Neuroscience and Experience of Addiction,Judith Grisel,"Grisel, Judith",,"=""0385542844""","=""9780385542845""",0,4.14,Doubleday,Hardcover,243,2019,2019,,2019/11/14,to-read,to-read (#43),to-read,,,,0,0
36739320,Because Internet: Understanding the New Rules of Language,Gretchen McCulloch,"McCulloch, Gretchen",,"=""0735210934""","=""9780735210936""",0,4.05,Riverhead Books,Hardcover,327,2019,2019,,2019/11/14,to-read,to-read (#42),to-read,,,,0,0
44595007,Indistractable: How to Control Your Attention and Choose Your Life,Nir   Eyal,"Eyal, Nir",Julie Li,"=""194883653X""","=""9781948836531""",0,3.74,BenBella Books,Hardcover,290,2019,2019,,2019/11/14,to-read,to-read (#41),to-read,,,,0,0
40597264,Hacking Darwin: Genetic Engineering and the Future of Humanity,Jamie Metzl,"Metzl, Jamie",,"=""149267009X""","=""9781492670094""",0,3.98,Sourcebooks,Hardcover,327,2019,2019,,2019/11/14,to-read,to-read (#40),to-read,,,,0,0
41552709,The Uninhabitable Earth: Life After Warming,David Wallace-Wells,"Wallace-Wells, David",,"=""0525576703""","=""9780525576709""",0,3.99,Tim Duggan Books,Hardcover,310,2019,2019,,2019/11/14,to-read,to-read (#39),to-read,,,,0,0
40696923,Blueprint: The Evolutionary Origins of a Good Society,Nicholas A. Christakis,"Christakis, Nicholas A.",,"=""0316230030""","=""9780316230032""",0,3.96,"Little, Brown Spark",Hardcover,544,2019,2019,,2019/11/14,to-read,to-read (#38),to-read,,,,0,0
40121993,The Collected Schizophrenias: Essays,Esmé Weijun Wang,"Wang, Esmé Weijun",,"=""1555978274""","=""9781555978273""",0,4.13,Graywolf Press,Paperback,224,2019,2019,,2019/11/14,to-read,to-read (#37),to-read,,,,0,0
43822665,Embrace Your Weird: Face Your Fears and Unleash Creativity,Felicia Day,"Day, Felicia",,"=""1982113227""","=""9781982113223""",0,3.91,Gallery Books,Paperback,272,2019,2019,,2019/11/14,to-read,to-read (#36),to-read,,,,0,0
20613534,Bad Paper: Chasing Debt from Wall Street to the Underworld,Jake Halpern,"Halpern, Jake",,"=""0374108234""","=""9780374108236""",0,3.81,"Farrar, Straus and Giroux",Hardcover,240,2014,2014,,2019/11/14,to-read,to-read (#34),to-read,,,,0,0
49286,How We Die: Reflections of Life's Final Chapter,Sherwin B. Nuland,"Nuland, Sherwin B.",,"=""0679742441""","=""9780679742449""",0,4.07,Vintage,Paperback,278,1995,1994,,2019/11/14,to-read,to-read (#33),to-read,,,,0,0
27276428,The Gene: An Intimate History,Siddhartha Mukherjee,"Mukherjee, Siddhartha",,"=""""","=""""",0,4.35,Scribner,Hardcover,592,2016,2016,,2019/11/14,to-read,to-read (#32),to-read,,,,0,0
53343,On Writing Well: The Classic Guide to Writing Nonfiction,William Zinsser,"Zinsser, William",,"=""0060891548""","=""9780060891541""",0,4.23,Harper Perennial,Paperback,321,2006,1976,,2019/11/14,to-read,to-read (#31),to-read,,,,0,0
51291,How to Lie with Statistics,Darrell Huff,"Huff, Darrell",Irving Geis,"=""0393310728""","=""9780393310726""",0,3.84,W. W. Norton & Company,Paperback,142,1982,1954,,2019/11/14,to-read,to-read (#30),to-read,,,,0,0
13629,The Mythical Man-Month: Essays on Software Engineering,Frederick P. Brooks Jr.,"Jr., Frederick P. Brooks",,"=""0201835959""","=""9780201835953""",0,4.01,Addison-Wesley Professional,Paperback,322,1995,1975,,2019/11/14,to-read,to-read (#29),to-read,,,,0,0
33585392,"Dear Ijeawele, or A Feminist Manifesto in Fifteen Suggestions",Chimamanda Ngozi Adichie,"Adichie, Chimamanda Ngozi",,"=""""","=""""",0,4.51,Knopf,Hardcover,63,2017,2017,,2019/11/14,to-read,to-read (#28),to-read,,,,0,0
1713426,Predictably Irrational: The Hidden Forces That Shape Our Decisions,Dan Ariely,"Ariely, Dan",,"=""""","=""""",0,4.12,HarperCollins Canada ,Hardcover,247,2008,2008,,2019/11/14,to-read,to-read (#27),to-read,,,,0,0
17910054,The Sixth Extinction: An Unnatural History,Elizabeth Kolbert,"Kolbert, Elizabeth",,"=""0805092994""","=""9780805092998""",0,4.15,Henry Holt and Co. (Georg von Holtzbrinck),Hardcover,336,2014,2014,,2019/11/14,to-read,to-read (#26),to-read,,,,0,0
12543,Bird by Bird,Anne Lamott,"Lamott, Anne",,"=""""","=""""",0,4.24,Anchor,Paperback,238,1995,1994,,2019/11/14,to-read,to-read (#25),to-read,,,,0,0
20342617,Just Mercy,Bryan Stevenson,"Stevenson, Bryan",,"=""""","=""""",0,4.62,One World,Paperback,336,2014,2014,,2019/11/14,to-read,to-read (#24),to-read,,,,0,0
7170627,The Emperor of All Maladies: A Biography of Cancer,Siddhartha Mukherjee,"Mukherjee, Siddhartha",,"=""""","=""""",0,4.34,Scribner,Hardcover,472,2010,2010,,2019/11/14,to-read,to-read (#23),to-read,,,,0,0
40611510,The Last Lecture,Randy Pausch,"Pausch, Randy",Jeffrey Zaslow,"=""""","=""""",0,4.26,Hachette Books,Kindle Edition,217,2008,2008,,2019/11/14,to-read,to-read (#22),to-read,,,,0,0
1869,Nickel and Dimed: On (Not) Getting By in America,Barbara Ehrenreich,"Ehrenreich, Barbara",,"=""0805063897""","=""9780805063899""",0,3.65,Owl Books (Henry Holt),Paperback,240,2002,2001,,2019/11/14,to-read,to-read (#21),to-read,,,,0,0
4865,How to Win Friends & Influence People,Dale Carnegie,"Carnegie, Dale",,"=""""","=""""",0,4.22,Gallery Books,Paperback,288,1998,1936,,2019/11/14,to-read,to-read (#20),to-read,,,,0,0
1097,Fast Food Nation: The Dark Side of the All-American Meal,Eric Schlosser,"Schlosser, Eric",,"=""0060838582""","=""9780060838584""",0,3.75,Harper Perennial,Paperback,383,2005,2001,,2019/11/14,to-read,to-read (#19),to-read,,,,0,0
21413662,What If?: Serious Scientific Answers to Absurd Hypothetical Questions,Randall Munroe,"Munroe, Randall",,"=""0544272994""","=""9780544272996""",0,4.14,Dey Street Books,Hardcover,303,2014,2014,,2019/11/14,to-read,to-read (#18),to-read,,,,0,0
27161156,Hillbilly Elegy: A Memoir of a Family and Culture in Crisis,J.D. Vance,"Vance, J.D.",,"=""""","=""""",0,3.84,Harper,Hardcover,264,2016,2016,,2019/11/14,to-read,to-read (#17),to-read,,,,0,0
12609433,The Power of Habit: Why We Do What We Do in Life and Business,Charles Duhigg,"Duhigg, Charles",,"=""1400069289""","=""9781400069286""",0,4.13,Random House,Hardcover,375,2012,2012,,2019/11/14,to-read,to-read (#16),to-read,,,,0,0
3109,The Omnivore's Dilemma: A Natural History of Four Meals,Michael Pollan,"Pollan, Michael",,"=""1594200823""","=""9781594200823""",0,4.19,The Penguin Press,Hardcover,450,2006,2006,,2019/11/14,to-read,to-read (#15),to-read,,,,0,0
25899336,When Breath Becomes Air,Paul Kalanithi,"Kalanithi, Paul",Abraham   Verghese,"=""0812988418""","=""9780812988413""",0,4.41,Random House,Kindle Edition,208,2016,2016,,2019/11/14,to-read,to-read (#14),to-read,,,,0,0
32145,Stiff: The Curious Lives of Human Cadavers,Mary Roach,"Roach, Mary",,"=""0393324826""","=""9780393324822""",0,4.06,W. W. Norton  Company,Paperback,304,2004,2003,,2019/11/14,to-read,to-read (#13),to-read,,,,0,0
168642,In Cold Blood,Truman Capote,"Capote, Truman",,"=""0679745580""","=""9780679745587""",0,4.09,Vintage,Paperback,343,1994,1966,,2019/11/14,to-read,to-read (#12),to-read,,,,0,0
21,A Short History of Nearly Everything,Bill Bryson,"Bryson, Bill",,"=""076790818X""","=""9780767908184""",0,4.22,Crown,Paperback,544,2004,2003,,2019/11/14,to-read,to-read (#11),to-read,,,,0,0
38743564,"Billion Dollar Whale: The Man Who Fooled Wall Street, Hollywood, and the World",Tom         Wright,"Wright, Tom",Bradley Hope,"=""031643650X""","=""9780316436502""",0,4.07,Hachette Books,Hardcover,400,2018,2018,,2019/11/14,to-read,to-read (#10),to-read,,,,0,0
39863447,"Loonshots: How to Nurture the Crazy Ideas That Win Wars, Cure Diseases, and Transform Industries",Safi Bahcall,"Bahcall, Safi",,"=""1250185963""","=""9781250185969""",0,4.00,St. Martin's Press,Hardcover,368,2019,2019,,2019/11/14,to-read,to-read (#9),to-read,,,,0,0
37976541,Bad Blood: Secrets and Lies in a Silicon Valley Startup,John Carreyrou,"Carreyrou, John",,"=""""","=""""",5,4.41,Knopf,Hardcover,339,2018,2018,,2019/11/14,,,read,,,,1,0
35133922,Educated,Tara Westover,"Westover, Tara",,"=""0399590501""","=""9780399590504""",3,4.47,Random House,Hardcover,352,2018,2018,,2019/11/14,,,read,,,,1,0
18007564,The Martian,Andy Weir,"Weir, Andy",,"=""0804139024""","=""9780804139021""",4,4.42,Ballantine Books,Hardcover,384,2014,2011,,2016/06/05,,,read,,,,1,0
17986418,Naked Statistics: Stripping the Dread from the Data,Charles Wheelan,"Wheelan, Charles",,"=""039334777X""","=""9780393347777""",4,3.96,W. W. Norton & Company,Paperback,304,2014,2012,,2016/02/22,,,read,,,,1,0
22891356,The Signal and the Noise: Why So Many Predictions Fail--but Some Don't,Nate Silver,"Silver, Nate",,"=""0143125087""","=""9780143125082""",4,3.97,Penguin Books,Paperback,576,2015,2012,,2016/02/22,,,read,,,,1,0
43713,Structure and Interpretation of Computer Programs,Harold Abelson,"Abelson, Harold","Gerald Jay Sussman, Julie Sussman","=""0262510871""","=""9780262510875""",4,4.47,The MIT Press,Paperback,657,1996,1984,,2014/07/26,to-read,to-read (#8),to-read,,,,0,0
1321776,Lennon Remembers: The Full Rolling Stone Interviews from 1970,Jann S. Wenner,"Wenner, Jann S.","Yoko Ono, John Lennon","=""1859846009""","=""9781859846001""",3,4.13,Verso,Hardcover,151,2000,1971,,2013/10/10,,,read,,,,1,0
24113,"Gödel, Escher, Bach: An Eternal Golden Braid",Douglas R. Hofstadter,"Hofstadter, Douglas R.",,"=""0465026567""","=""9780465026562""",0,4.29,Basic Books,Paperback,777,1999,1979,,2013/10/10,to-read,to-read (#7),to-read,,,,0,0
40102,Blink: The Power of Thinking Without Thinking,Malcolm Gladwell,"Gladwell, Malcolm","Barry Fox, Irina Henegar","=""0316010669""","=""9780316010665""",5,3.96,Back Bay Books,Paperback,296,2007,2005,,2013/10/10,,,read,,,,1,0
3228917,Outliers: The Story of Success,Malcolm Gladwell,"Gladwell, Malcolm",,"=""0316017922""","=""9780316017923""",5,4.19,"Little, Brown and Company",Hardcover,309,2008,2008,,2013/10/10,,,read,,,,1,0
6402364,"SuperFreakonomics: Global Cooling, Patriotic Prostitutes And Why Suicide Bombers Should Buy Life Insurance",Steven D. Levitt,"Levitt, Steven D.",Stephen J. Dubner,"=""0060889578""","=""9780060889579""",0,4.00,William Morrow,Hardcover,270,2009,2009,,2013/10/10,to-read,to-read (#6),to-read,,,,0,0
2612,The Tipping Point: How Little Things Can Make a Big Difference,Malcolm Gladwell,"Gladwell, Malcolm",,"=""0316346624""","=""9780316346627""",5,4.01,Time Warner Book Group,Paperback,301,2002,2000,,2013/10/10,,,read,,,,1,0
767171,The Rise and Fall of the Third Reich: A History of Nazi Germany,William L. Shirer,"Shirer, William L.",,"=""0671728687""","=""9780671728687""",0,4.22,Simon & Schuster,Mass Market Paperback,1147,1990,1960,,2013/10/10,to-read,to-read (#5),to-read,,,,0,0
11797365,Escape from Camp 14: One Man's Remarkable Odyssey from North Korea to Freedom in the West,Blaine Harden,"Harden, Blaine",,"=""0670023329""","=""9780670023325""",0,4.01,Viking,Hardcover,205,2012,2012,,2013/10/10,to-read,to-read (#4),to-read,,,,0,0
168668,Catch-22,Joseph Heller,"Heller, Joseph",,"=""0684833395""","=""9780684833392""",0,3.99,Simon & Schuster ,Paperback,453,2004,1961,,2013/10/10,to-read,to-read (#3),to-read,,,,0,0
7613,Animal Farm,George Orwell,"Orwell, George","Ann Patchett, Téa Obreht","=""""","=""""",0,4.01,Plume,Paperback,129,2003,1945,,2013/10/10,to-read,to-read (#2),to-read,,,,0,0
5470,1984,George Orwell,"Orwell, George",,"=""""","=""""",4,4.20,New American Library,Mass Market Paperback,328,1950,1949,,2013/10/10,,,read,,,,1,0
5107,The Catcher in the Rye,J.D. Salinger,"Salinger, J.D.",,"=""0316769177""","=""9780316769174""",0,3.80,Back Bay Books,Paperback,277,2001,1951,,2013/10/10,to-read,to-read (#1),to-read,,,,0,0
